{
	"format_version": "1.8.0",
	"animations": {
		"sniffing": {
			"loop": true,
			"animation_length": 2,
			"bones": {
				"head": {
					"rotation": {
						"0.0": {
							"vector": [10.42316, 4.03527, 5.80593]
						},
						"0.25": {
							"vector": [10.4232, -4.0353, -5.8059]
						},
						"0.5": {
							"vector": [10.42316, 4.03527, 5.80593]
						},
						"0.75": {
							"vector": [10.4232, -4.0353, -5.8059]
						},
						"1.0": {
							"vector": [10.42316, 4.03527, 5.80593]
						},
						"1.25": {
							"vector": [10.4232, -4.0353, -5.8059]
						},
						"1.5": {
							"vector": [10.42316, 4.03527, 5.80593]
						},
						"1.75": {
							"vector": [10.4232, -4.0353, -5.8059]
						},
						"2.0": {
							"vector": [10.42316, 4.03527, 5.80593]
						}
					},
					"position": {
						"0.0": {
							"vector": [0, -0.5, -0.25]
						},
						"0.125": {
							"vector": [0, -1, -0.25]
						},
						"0.25": {
							"vector": [0, -0.5, -0.25]
						},
						"0.375": {
							"vector": [0, -1, -0.25]
						},
						"0.5": {
							"vector": [0, -0.5, -0.25]
						},
						"0.625": {
							"vector": [0, -1, -0.25]
						},
						"0.75": {
							"vector": [0, -0.5, -0.25]
						},
						"0.875": {
							"vector": [0, -1, -0.25]
						},
						"1.0": {
							"vector": [0, -0.5, -0.25]
						},
						"1.125": {
							"vector": [0, -1, -0.25]
						},
						"1.25": {
							"vector": [0, -0.5, -0.25]
						},
						"1.375": {
							"vector": [0, -1, -0.25]
						},
						"1.5": {
							"vector": [0, -0.5, -0.25]
						},
						"1.625": {
							"vector": [0, -1, -0.25]
						},
						"1.75": {
							"vector": [0, -0.5, -0.25]
						},
						"1.875": {
							"vector": [0, -1, -0.25]
						},
						"2.0": {
							"vector": [0, -0.5, -0.25]
						}
					}
				},
				"snout": {
					"rotation": {
						"0.0": {
							"vector": [-7.50474, 2.49048, -0.21803]
						},
						"0.125": {
							"vector": [-12.5, 0, 0]
						},
						"0.25": {
							"vector": [-7.50474, -2.4905, 0.218]
						},
						"0.375": {
							"vector": [5, 0, 0]
						},
						"0.5": {
							"vector": [-7.50474, 2.49048, -0.21803]
						},
						"0.625": {
							"vector": [-12.5, 0, 0]
						},
						"0.75": {
							"vector": [-7.50474, -2.4905, 0.218]
						},
						"0.875": {
							"vector": [5, 0, 0]
						},
						"1.0": {
							"vector": [-7.50474, 2.49048, -0.21803]
						},
						"1.125": {
							"vector": [-12.5, 0, 0]
						},
						"1.25": {
							"vector": [-7.50474, -2.4905, 0.218]
						},
						"1.375": {
							"vector": [5, 0, 0]
						},
						"1.5": {
							"vector": [-7.50474, 2.49048, -0.21803]
						},
						"1.625": {
							"vector": [-12.5, 0, 0]
						},
						"1.75": {
							"vector": [-7.50474, -2.4905, 0.218]
						},
						"1.875": {
							"vector": [5, 0, 0]
						},
						"2.0": {
							"vector": [-7.50474, 2.49048, -0.21803]
						}
					},
					"position": {
						"vector": [0, 0.25, -0.25]
					},
					"scale": {
						"0.0": {
							"vector": [1, 1, 1]
						},
						"0.125": {
							"vector": [1.15, 1.1, 1.1]
						},
						"0.25": {
							"vector": [1, 1, 1]
						},
						"0.375": {
							"vector": [1.05, 1.05, 1.05]
						},
						"0.5": {
							"vector": [1, 1, 1]
						},
						"0.625": {
							"vector": [1.15, 1.1, 1.1]
						},
						"0.75": {
							"vector": [1, 1, 1]
						},
						"0.875": {
							"vector": [1.05, 1.05, 1.05]
						},
						"1.0": {
							"vector": [1, 1, 1]
						},
						"1.125": {
							"vector": [1.15, 1.1, 1.1]
						},
						"1.25": {
							"vector": [1, 1, 1]
						},
						"1.375": {
							"vector": [1.05, 1.05, 1.05]
						},
						"1.5": {
							"vector": [1, 1, 1]
						},
						"1.625": {
							"vector": [1.15, 1.1, 1.1]
						},
						"1.75": {
							"vector": [1, 1, 1]
						},
						"1.875": {
							"vector": [1.05, 1.05, 1.05]
						},
						"2.0": {
							"vector": [1, 1, 1]
						}
					}
				},
				"mouth": {
					"rotation": {
						"0.0": {
							"vector": [-27.47766, 1.15408, 19.71783]
						},
						"0.3333": {
							"vector": [-10.59454, -15.35793, -14.34407]
						},
						"0.6667": {
							"vector": [-27.47766, 1.15408, 19.71783]
						},
						"1.0": {
							"vector": [-10.59454, -15.35793, -14.34407]
						},
						"1.3333": {
							"vector": [-27.47766, 1.15408, 19.71783]
						},
						"1.6667": {
							"vector": [-10.59454, -15.35793, -14.34407]
						},
						"2.0": {
							"vector": [-27.47766, 1.15408, 19.71783]
						}
					},
					"position": {
						"0.0": {
							"vector": [0, 0, 0]
						},
						"0.0833": {
							"vector": [0, 0.5, 0]
						},
						"0.1667": {
							"vector": [0, 0, 0]
						},
						"0.3333": {
							"vector": [0, 0, 0]
						},
						"0.4167": {
							"vector": [0, 0.5, 0]
						},
						"0.5": {
							"vector": [0, 0, 0]
						},
						"0.6667": {
							"vector": [0, 0, 0]
						},
						"0.75": {
							"vector": [0, 0.5, 0]
						},
						"0.8333": {
							"vector": [0, 0, 0]
						},
						"1.0": {
							"vector": [0, 0, 0]
						},
						"1.0833": {
							"vector": [0, 0.5, 0]
						},
						"1.1667": {
							"vector": [0, 0, 0]
						},
						"1.3333": {
							"vector": [0, 0, 0]
						},
						"1.4167": {
							"vector": [0, 0.5, 0]
						},
						"1.5": {
							"vector": [0, 0, 0]
						},
						"1.6667": {
							"vector": [0, 0, 0]
						},
						"1.75": {
							"vector": [0, 0.5, 0]
						},
						"1.8333": {
							"vector": [0, 0, 0]
						},
						"2.0": {
							"vector": [0, 0, 0]
						}
					}
				},
				"lefteye": {
					"rotation": {
						"0.0": {
							"vector": [32.72348, -6.3202, -4.04618]
						},
						"0.25": {
							"vector": [32.72348, 6.3202, 4.0462]
						},
						"0.5": {
							"vector": [32.72348, -6.3202, -4.04618]
						},
						"0.75": {
							"vector": [32.72348, 6.3202, 4.0462]
						},
						"1.0": {
							"vector": [32.72348, -6.3202, -4.04618]
						},
						"1.25": {
							"vector": [32.72348, 6.3202, 4.0462]
						},
						"1.5": {
							"vector": [32.72348, -6.3202, -4.04618]
						},
						"1.75": {
							"vector": [32.72348, 6.3202, 4.0462]
						},
						"2.0": {
							"vector": [32.72348, -6.3202, -4.04618]
						}
					}
				},
				"righteye": {
					"rotation": {
						"0.0": {
							"vector": [32.72348, -6.3202, -4.04618]
						},
						"0.25": {
							"vector": [32.72348, 6.3202, 4.0462]
						},
						"0.5": {
							"vector": [32.72348, -6.3202, -4.04618]
						},
						"0.75": {
							"vector": [32.72348, 6.3202, 4.0462]
						},
						"1.0": {
							"vector": [32.72348, -6.3202, -4.04618]
						},
						"1.25": {
							"vector": [32.72348, 6.3202, 4.0462]
						},
						"1.5": {
							"vector": [32.72348, -6.3202, -4.04618]
						},
						"1.75": {
							"vector": [32.72348, 6.3202, 4.0462]
						},
						"2.0": {
							"vector": [32.72348, -6.3202, -4.04618]
						}
					}
				},
				"torso": {
					"rotation": {
						"vector": [5, 0, 0]
					}
				},
				"expanded": {
					"scale": {
						"vector": [0, 0, 0]
					}
				}
			}
		}
	},
	"geckolib_format_version": 2
}