{
	"format_version": "1.8.0",
	"animations": {
		"run": {
			"loop": true,
			"animation_length": 0.75,
			"bones": {
				"body": {
					"position": {
						"0.0": {
							"vector": [0, -2.25, 0]
						},
						"0.2917": {
							"vector": [0, 0, 0]
						},
						"0.5417": {
							"vector": [0, -1.5, 0]
						},
						"0.625": {
							"vector": [0, 0, 0]
						},
						"0.75": {
							"vector": [0, -2.25, 0]
						}
					}
				},
				"head": {
					"rotation": {
						"0.0": {
							"vector": [-8.75, 0, 0]
						},
						"0.0417": {
							"vector": [-8.75, 0, 0]
						},
						"0.375": {
							"vector": [10, 0, 0]
						},
						"0.75": {
							"vector": [-8.75, 0, 0]
						}
					},
					"position": {
						"0.0": {
							"vector": [0, 0, 0]
						},
						"0.4167": {
							"vector": [0, -0.5, 0]
						},
						"0.5": {
							"vector": [0, -1.25, 0]
						},
						"0.5833": {
							"vector": [0, -0.5, 0]
						},
						"0.75": {
							"vector": [0, 0, 0]
						}
					}
				},
				"torsoscaling": {
					"rotation": {
						"0.0": {
							"vector": [-5, 0, 0]
						},
						"0.2083": {
							"vector": [0, 0, 0]
						},
						"0.5": {
							"vector": [5, 0, 0]
						},
						"0.75": {
							"vector": [-5, 0, 0]
						}
					}
				},
				"frontleftleg": {
					"rotation": {
						"0.0": {
							"vector": [-79.71644, -9.39129, -3.45118]
						},
						"0.0833": {
							"vector": [-79.71644, -9.39129, -3.45118]
						},
						"0.4167": {
							"vector": [57.78356, 0, 0]
						},
						"0.625": {
							"vector": [68.66477, -1.84557, -2.44558]
						},
						"0.75": {
							"vector": [-79.71644, -9.39129, -3.45118]
						}
					},
					"position": {
						"0.0": {
							"vector": [0.75, 0.25, -2.25]
						},
						"0.0833": {
							"vector": [0.75, 0.25, -2.25]
						},
						"0.25": {
							"vector": [0, 0.5, -1]
						},
						"0.4167": {
							"vector": [0, 0, 0.5]
						},
						"0.5833": {
							"vector": [0, -0.22, -1.47]
						},
						"0.6667": {
							"vector": [0, 0.64, -1.86]
						},
						"0.75": {
							"vector": [0.75, 0.25, -2.25]
						}
					}
				},
				"frontrightleg": {
					"rotation": {
						"0.0": {
							"vector": [-79.71644, 9.3913, 3.4512]
						},
						"0.2917": {
							"vector": [57.78356, 0, 0]
						},
						"0.5833": {
							"vector": [68.66477, 1.8456, 2.4456]
						},
						"0.75": {
							"vector": [-79.71644, 9.3913, 3.4512]
						}
					},
					"position": {
						"0.0": {
							"vector": [-0.75, 0.25, -2.25]
						},
						"0.125": {
							"vector": [0, 0.5, -1]
						},
						"0.2917": {
							"vector": [0, 0, 0.5]
						},
						"0.5833": {
							"vector": [0, -0.22, -1.47]
						},
						"0.6667": {
							"vector": [0, 0.64, -1.86]
						},
						"0.75": {
							"vector": [-0.75, 0.25, -2.25]
						}
					}
				},
				"lowertorso": {
					"rotation": {
						"0.0": {
							"vector": [5, 0, 0]
						},
						"0.2083": {
							"vector": [0, 0, 0]
						},
						"0.5": {
							"vector": [-5, 0, 0]
						},
						"0.75": {
							"vector": [5, 0, 0]
						}
					},
					"position": {
						"0.0": {
							"vector": [0, -0.5, 0]
						},
						"0.2083": {
							"vector": [0, 0, 0]
						},
						"0.5": {
							"vector": [0, 0.5, 0]
						},
						"0.75": {
							"vector": [0, -0.5, 0]
						}
					}
				},
				"tail": {
					"rotation": {
						"0.0": {
							"vector": [67.5, 0, 0]
						},
						"0.3333": {
							"vector": [22.5, 0, 0]
						},
						"0.75": {
							"vector": [67.5, 0, 0]
						}
					}
				},
				"backleftleg": {
					"rotation": {
						"0.0": {
							"vector": [57.78356, 0, 0]
						},
						"0.1667": {
							"vector": [57.78356, 0, 0]
						},
						"0.3333": {
							"vector": [68.66477, -1.84557, -2.44558]
						},
						"0.5": {
							"vector": [-27.21644, -9.39129, -3.45118]
						},
						"0.75": {
							"vector": [57.78356, 0, 0]
						}
					},
					"position": {
						"0.0": {
							"vector": [0, 0, 0.5]
						},
						"0.1667": {
							"vector": [0, 0, 0.5]
						},
						"0.3333": {
							"vector": [-0.25, 1.03, -1.47]
						},
						"0.5": {
							"vector": [-0.5, 2.25, -1.5]
						},
						"0.5833": {
							"vector": [-0.39, 0.75, -1.06]
						},
						"0.6667": {
							"vector": [-0.22, 0.93, -0.39]
						},
						"0.75": {
							"vector": [0, 0, 0.5]
						}
					}
				},
				"backrightleg": {
					"rotation": {
						"0.0": {
							"vector": [57.78356, 0, 0]
						},
						"0.2083": {
							"vector": [68.66477, 1.8456, 2.4456]
						},
						"0.375": {
							"vector": [-27.21644, 9.3913, 3.4512]
						},
						"0.75": {
							"vector": [57.78356, 0, 0]
						}
					},
					"position": {
						"0.0": {
							"vector": [0, 0, 0.5]
						},
						"0.2083": {
							"vector": [0.25, 1.03, -1.47]
						},
						"0.375": {
							"vector": [0.5, 2.25, -1.5]
						},
						"0.4583": {
							"vector": [0.39, 0.75, -1.06]
						},
						"0.625": {
							"vector": [0.22, 0.93, -0.39]
						},
						"0.75": {
							"vector": [0, 0, 0.5]
						}
					}
				}
			}
		}
	}
}