{
	"format_version": "1.8.0",
	"animations": {
		"sit": {
			"loop": true,
			"animation_length": 2,
			"bones": {
				"body": {
					"rotation": {
						"vector": [-25, 0, 0]
					},
					"position": {
						"vector": [0, -2.5, 0]
					}
				},
				"torso": {
					"position": {
						"0.0": {
							"vector": [0, 0, 0]
						},
						"1.0": {
							"vector": [0, -0.46985, 0.17101]
						},
						"2.0": {
							"vector": [0, 0, 0]
						}
					}
				},
				"lowertorso": {
					"rotation": {
						"vector": [-40, 0, 0]
					},
					"position": {
						"vector": [0, -1.69512, 1.44234]
					}
				},
				"tail": {
					"rotation": {
						"0.0": {
							"vector": [129.41378, 35.26293, 15.99884]
						},
						"0.5": {
							"vector": [129.41378, -35.2629, -15.9988]
						},
						"1.0": {
							"vector": [129.41378, 35.26293, 15.99884]
						},
						"1.5": {
							"vector": [129.41378, -35.2629, -15.9988]
						},
						"2.0": {
							"vector": [129.41378, 35.26293, 15.99884]
						}
					}
				},
				"head": {
					"rotation": {
						"vector": [5, 0, 0]
					},
					"position": {
						"0.0": {
							"vector": [0, -0.11566, -0.15593]
						},
						"1.0": {
							"vector": [0, -0.55535, -0.06391]
						},
						"2.0": {
							"vector": [0, -0.11566, -0.15593]
						}
					}
				},
				"frontleftleg": {
					"rotation": {
						"vector": [14.76905, 4.29357, -6.15518]
					},
					"position": {
						"0.0": {
							"vector": [0, 0, 0]
						},
						"1.0": {
							"vector": [0, 0.5, 0]
						},
						"2.0": {
							"vector": [0, 0, 0]
						}
					}
				},
				"frontrightleg": {
					"rotation": {
						"vector": [14.76905, -4.29357, 6.15518]
					},
					"position": {
						"0.0": {
							"vector": [0, 0, 0]
						},
						"1.0": {
							"vector": [0, 0.5, 0]
						},
						"2.0": {
							"vector": [0, 0, 0]
						}
					}
				},
				"backleftleg": {
					"rotation": {
						"vector": [-28.48124, -9.84655, -17.49524]
					},
					"position": {
						"vector": [0.75, 2.9455, 1.37351]
					}
				},
				"backrightleg": {
					"rotation": {
						"vector": [-28.48124, 9.84655, 17.49524]
					},
					"position": {
						"vector": [-0.75, 2.9455, 1.37351]
					}
				},
				"torsoscaling": {
					"scale": {
						"0.0": {
							"vector": [1, 1, 1]
						},
						"1.0": {
							"vector": [1.02, 1.02, 1.02]
						},
						"2.0": {
							"vector": [1, 1, 1]
						}
					}
				}
			}
		},
		"sit2": {
			"loop": true,
			"animation_length": 2,
			"bones": {
				"body": {
					"rotation": {
						"vector": [-25, 0, 0]
					},
					"position": {
						"vector": [0, -2.5, 0]
					}
				},
				"torso": {
					"rotation": {
						"0.0": {
							"vector": [0, 0, 0]
						},
						"0.75": {
							"vector": [25, 0, 0]
						}
					},
					"position": {
						"0.0": {
							"vector": [0, 0, 0]
						},
						"0.75": {
							"vector": [0, -4.96985, 0.67101]
						}
					}
				},
				"lowertorso": {
					"rotation": {
						"0.0": {
							"vector": [-40, 0, 0]
						},
						"0.75": {
							"vector": [12.5, 0, 0]
						}
					},
					"position": {
						"0.0": {
							"vector": [0, -1.69512, 1.44234]
						},
						"0.6667": {
							"vector": [0, -2.67, 1.44]
						},
						"0.75": {
							"vector": [0, -3.17, 1.44]
						},
						"0.8333": {
							"vector": [0, -2.67, 1.44]
						}
					}
				},
				"tail": {
					"rotation": {
						"0.0": {
							"vector": [129.41378, 35.26293, 15.99884]
						},
						"0.5": {
							"vector": [129.41378, -35.2629, -15.9988]
						},
						"1.0": {
							"vector": [129.41378, 35.26293, 15.99884]
						},
						"1.5": {
							"vector": [129.41378, -35.2629, -15.9988]
						},
						"2.0": {
							"vector": [129.41378, 35.26293, 15.99884]
						}
					}
				},
				"head": {
					"rotation": {
						"0.0": {
							"vector": [5, 0, 0]
						},
						"0.1667": {
							"vector": [0, 0, 0]
						},
						"0.7917": {
							"vector": [30, 0, 0]
						}
					},
					"position": {
						"0.0": {
							"vector": [0, -0.11566, -0.15593]
						},
						"0.7083": {
							"vector": [0, -8.30535, 1.18609]
						},
						"0.7917": {
							"vector": [0, -8.80535, 1.43609]
						},
						"0.875": {
							"vector": [0, -8.30535, 1.18609]
						}
					}
				},
				"frontleftleg": {
					"rotation": {
						"0.0": {
							"vector": [14.76905, 4.29357, -6.15518]
						},
						"0.7083": {
							"vector": [-89.13577, -31.26698, 5.00834]
						}
					},
					"position": {
						"0.0": {
							"vector": [0, 0, 0]
						},
						"0.7083": {
							"vector": [0.5, 0, -1]
						},
						"0.7917": {
							"vector": [0.5, -0.25, -1]
						},
						"0.875": {
							"vector": [0.5, 0, -1]
						}
					}
				},
				"frontrightleg": {
					"rotation": {
						"0.0": {
							"vector": [14.76905, -4.29357, 6.15518]
						},
						"0.7083": {
							"vector": [-89.13577, 31.26698, -5.00834]
						}
					},
					"position": {
						"0.0": {
							"vector": [0, 0, 0]
						},
						"0.7083": {
							"vector": [-0.5, 0, -1]
						},
						"0.7917": {
							"vector": [-0.5, -0.25, -1]
						},
						"0.875": {
							"vector": [-0.5, 0, -1]
						}
					}
				},
				"backleftleg": {
					"rotation": {
						"0.0": {
							"vector": [-28.48124, -9.84655, -17.49524]
						},
						"0.75": {
							"vector": [-75.11199, -27.64252, -9.10336]
						}
					},
					"position": {
						"0.0": {
							"vector": [0.75, 2.9455, 1.37351]
						},
						"0.75": {
							"vector": [0.75, 0.45, 0.12]
						}
					}
				},
				"backrightleg": {
					"rotation": {
						"0.0": {
							"vector": [-28.48124, 9.84655, 17.49524]
						},
						"0.75": {
							"vector": [-75.11199, 27.64252, 9.10336]
						}
					},
					"position": {
						"0.0": {
							"vector": [-0.75, 2.9455, 1.37351]
						},
						"0.75": {
							"vector": [-0.75, 0.45, 0.12]
						}
					}
				},
				"torsoscaling": {
					"position": {
						"0.625": {
							"vector": [0, 0, 0]
						},
						"0.7083": {
							"vector": [0, -0.5, 0]
						},
						"0.7917": {
							"vector": [0, 0, 0]
						}
					},
					"scale": {
						"0.0": {
							"vector": [1, 1, 1]
						},
						"1.0": {
							"vector": [1.02, 1.02, 1.02]
						},
						"2.0": {
							"vector": [1, 1, 1]
						}
					}
				}
			}
		}
	},
	"geckolib_format_version": 2
}