{
	"format_version": "1.8.0",
	"animations": {
		"sniffing": {
			"loop": true,
			"animation_length": 2,
			"bones": {
				"tail": {
					"rotation": {
						"0.0": {
							"vector": [20.95539, 28.87909, -25.03818]
						},
						"0.5": {
							"vector": [20.95539, -28.8791, 25.0382]
						},
						"1.0": {
							"vector": [20.95539, 28.87909, -25.03818]
						},
						"1.5": {
							"vector": [20.95539, -28.8791, 25.0382]
						},
						"2.0": {
							"vector": [20.95539, 28.87909, -25.03818]
						}
					}
				},
				"head": {
					"rotation": {
						"0.0": {
							"vector": [17.37328, -14.14361, -5.04759]
						},
						"0.5": {
							"vector": [17.37328, 14.1436, 5.0476]
						},
						"1.0": {
							"vector": [17.37328, -14.14361, -5.04759]
						},
						"1.5": {
							"vector": [17.37328, 14.1436, 5.0476]
						},
						"2.0": {
							"vector": [17.37328, -14.14361, -5.04759]
						}
					},
					"position": {
						"vector": [0, -3.5, -1.5]
					}
				},
				"nose": {
					"position": {
						"0.0": {
							"vector": [0, 0, 0]
						},
						"0.25": {
							"vector": [0, 1, 0]
						},
						"0.5": {
							"vector": [0, 0, 0]
						},
						"0.75": {
							"vector": [0, 1, 0]
						},
						"1.0": {
							"vector": [0, 0, 0]
						},
						"1.25": {
							"vector": [0, 1, 0]
						},
						"1.5": {
							"vector": [0, 0, 0]
						},
						"1.75": {
							"vector": [0, 1, 0]
						},
						"2.0": {
							"vector": [0, 0, 0]
						}
					}
				},
				"torsoscaling": {
					"rotation": {
						"vector": [17.5, 0, 0]
					},
					"position": {
						"vector": [0, -1.5, -1.25]
					}
				}
			}
		}
	}
}